{"track5": [19380818.78365326, 78677519.05634594, 77511009.63744736, 9551313.040527344, 9032584.312232971, 18642442.930828094, 9660535.26171112, 1332488.2303848267, 134628173.57797623, 33876560.232666016, 6542962.088314056, 18277392.54544449, 82917293.83678818, 19870707.921596527, 3693575.4440841675, 31590856.586525917, 22062710.057113647, 2227374640.1134124, 27547676.700309753, 1024550.6551094055, 195233647.3361721, 9315968.272725105, 14559650.54252243, 23446980.533058167, 225026717.45557308, 40705383.31516266, 21820935.181056976, 21864234.543024063, 142235532.11510086, 108322050.24171638, 271804945.0554428, 37836909.8238945, 143943653.5112896, 48415839.42921448, 784271.0947265625, 24716625.185935974, 198625114.5931425, 104458627.33963394, 63962835.08080292, 190250420.94055367, 65218828.42184639, 102130515.85917282, 58682052.2998085, 16918166.69283867, 64583239.48751068, 8821886.680809021, 2046628.6626682281, 111019781.43954468, 167057548.4756117, 48714608.48296547, 1923765.1654663086, 31027569.52596283, 8036614.133216858, 187481319.8489151, 9514303.499956131, 7034890.199596405, 8192301.54070282, 64590490.643455505, 36435358.460847855, 33158096.421097755, 3837507281.4566636, 35109887.557352066, 21243539.308416367, 175700970.3552704], "track1": [71144707.48317337, 19832459.297450066, 95522062.48046875, 17595276.81982422, 293489050.99775696, 10454895.339136124, 6296159.604873657, 41958590.42673111, 24113643.615097046, 4668020.034820557, 49374156.60485077, 81720899.15314102, 14029664.953359604, 87011658.24925995, 12825066.012980461, 61038896.921554565, 15140166.967193604, 2261863918.9983864, 13528725.76078415, 30960356.66571617, 78892756.51077175, 4483402.7878751755, 30216206.921253204, 3149504.4993362427, 290018791.73716736, 82761660.80612946, 25454367.96549225, 4694386.10748291, 23988514.13301277, 37180199.6436367, 119552424.05306244, 177876209.59882736, 10447323.483755112, 216111814.12513733, 132706985.6111145, 34684902.68089676, 77917710.37211418, 17823937.058315277, 184442361.51358032, 41125430.59007454, 99978827.88209534, 26108512.185668945, 14402675.188765526, 10624873.65904808, 22887971.436546326, 9638033.583818436, 38150574.39258194, 93040926.75491905, 39306920.35947609, 11497836.225679398, 14172507.64378357, 233734896.52428818, 31431178.879161835, 12815464.00587082, 22305713.60585022, 116913901.97533417, 99342859.13502121, 8264769.587875366, 3842065.00160408, 152169181.83094788, 3843084456.933174, 3665525.8732357025, 10322678.93069458, 42884366.969958305], "track2": [31501104.372688293, 3751671.8873081207, 521157.4312763214, 61201890.95604706, 17467634.283843994, 57571575.82985687, 162075926.98552704, 20308752.568077087, 137446471.78712082, 29812019.151153564, 101111043.18765259, 70683492.73279572, 34531986.66321182, 21537943.077827454, 5329584.41878891, 56106741.05104828, 31364751.42529297, 30002533.986330032, 30561130.108047485, 110886532.92974472, 14433441.05035019, 8400835.36913681, 110520444.17904282, 34111535.18129349, 137484515.57614517, 2295056.345966339, 168077000.842659, 10142938.507911682, 86641681.77554321, 29787362.36389351, 57333662.88928604, 61235040.958934784, 58377051.70759964, 2550127.663883209, 26379716.509605408, 30390603.598007202, 85991814.47691345, 35051291.20755768, 23924743.00667572, 3067268.5165138245, 6681454.792808533, 19323700.5190506, 222748779.974617, 88214333.47512817, 44986685.79815674, 7667008.591514587, 42318338.99523926, 115438983.55979156, 14379775.261922836, 20597489.265411377, 2420476.229789734, 48875925.81742096, 107655623.6762352, 93024340.20867157, 8078488.817550659, 31117666.315416336, 71644617.0870285, 53875394.260902405, 21637015.876441956, 1161863.7985687256, 3389062.782787323, 21343791.337055206, 88392186.02276611, 2698855.5440416336], "track6": [13042437.374509811, 106951379.13226604, 52053100.83575535, 49454488.07447815, 34984778.079422, 213723090.43940735, 43904668.61497116, 6716771.990865707, 8764423.673267365, 19399577.976783752, 9799829.101543427, 2026058.174671173, 40272589.81605911, 47013908.06648636, 5462440.501996994, 55264593.30179787, 140083106.69866562, 2267684001.0311546, 22497624.494220734, 102524593.13480759, 49848919.9130764, 14148533.757575035, 138246557.91901398, 12563081.707780838, 300986234.8391285, 73643133.5368824, 4499248.56196785, 63071788.91602707, 122886677.44641876, 63620840.055158615, 98406268.58962631, 59707563.4716835, 50568207.63725281, 333007965.78121567, 48644158.29273224, 164873081.08039856, 12487124.084371567, 42166327.47019386, 109625400.33114624, 526413349.86839485, 30458828.961597443, 15593664.359172821, 94482328.06472397, 88780115.62077713, 54772244.208717346, 230356184.3429699, 8523926.52091217, 37847755.791778564, 14379775.261922836, 48566187.78160858, 4274014.117046356, 173746367.9095478, 17183576.586071014, 214660238.30261993, 10358670.439414978, 52943175.61105919, 172406655.3543434, 44610886.28198242, 66312759.98716354, 124414477.64366055, 3844025607.917881, 22229635.30382347, 32164399.686138153, 284678496.34610367], "track3": [172171139.7621994, 22129714.641756058, 74703927.26191711, 336182642.0542679, 163877939.49700928, 16057440.73374939, 218180452.7367401, 168517396.7434616, 318818812.8799267, 154514559.7209015, 3285686.602645874, 24708686.18754959, 107520158.09846306, 305331254.4199543, 98721778.51630878, 160377150.58968353, 12183093.266105652, 3273424.4369277954, 115499243.96687317, 130821668.8145523, 100282684.04834747, 24051980.55647278, 64291400.66197014, 156767929.7863121, 272552175.1030617, 18934687.32731247, 72630986.43641663, 4058918.1094055176, 176020279.3254242, 176680198.7195015, 775343.9998321533, 23013779.33076477, 38494677.209251404, 62031891.56298065, 92248735.89173889, 940294.0201568604, 269137329.5902567, 172449558.76328278, 80106529.7430954, 124231485.20706558, 140318641.34937668, 194584535.5835266, 281021434.5899925, 84036091.4831047, 20031109.190109253, 62030634.303798676, 33982809.78992081, 85156143.28718948, 175366679.38386536, 59732195.50841904, 81111713.37934875, 10895701.539363861, 91384678.34428787, 128941749.33717346, 369197810.8787432, 234319050.43672752, 287386689.90400696, 47794364.28733063, 76568181.39104462, 29899180.461997032, 12939950.386915207, 341468766.39941025, 193418618.26979828, 34029926.744270325], "track9": [291323956.70975876, 25310549.17912197, 200777599.22689438, 25600253.5303154, 17543568.5606308, 161360817.9800377, 38706735.26171112, 775684874.7735577, 289655551.15843964, 93304121.20929718, 100602435.30463028, 304814661.15055656, 319923256.852335, 265333504.2371788, 79088110.48701954, 25717.514073371887, 110551148.97327042, 2259277230.1485567, 510795845.48488235, 77554631.39188004, 125809743.80936813, 101134136.40220451, 368398272.6399193, 199050601.54580498, 285144399.48233986, 92221156.33516121, 19942420.821659088, 100845619.21880722, 753740020.4662933, 334192621.3237953, 212416657.1108837, 184699214.14722443, 13643604.371006012, 305058579.7109804, 395446476.77973557, 50478325.0, 128112899.59602833, 500220780.27915764, 42438684.41885376, 496122295.6957569, 850795810.7159996, 97306077.96146011, 169851743.4449005, 224095669.40109253, 391188327.0950546, 414785376.549778, 109008535.10503769, 68967811.818964, 150439534.2863121, 219911938.33005142, 353069963.1922016, 652921781.8525963, 181827810.34220695, 636210026.1336946, 27245204.015146255, 996598474.255362, 83190480.3063469, 102527983.85633469, 8219976.064907074, 14689610.915473938, 3842666169.9151487, 59136080.80382347, 228738584.62623787, 1720345273.4988542],